1	Poblacion	2019-01-22 21:11:43	2019-01-22 21:11:43	0
2	Cataning	2019-01-22 21:11:43	2019-01-22 21:11:43	0
3	Bagumbayan	2019-01-22 21:11:43	2019-01-22 21:11:43	0
4	Talisay	2019-01-22 21:11:43	2019-01-22 21:11:43	0
5	Malabia	2019-01-22 21:11:43	2019-01-22 21:11:43	0
6	San Jose\
	2019-01-22 21:11:43	2019-01-22 21:11:43	0
7	Ibayo	2019-01-22 21:11:43	2019-01-22 21:11:43	0
8	Dona Francisca	2019-01-22 21:11:43	2019-01-22 21:11:43	0
9	Cupang Proper	2019-01-22 21:11:43	2019-01-22 21:11:43	0
10	Cupang North	2019-01-22 21:11:43	2019-01-22 21:11:43	0
11	Cupang West	2019-01-22 21:11:43	2019-01-22 21:11:43	0
12	Sibacan	2019-01-22 21:11:43	2019-01-22 21:11:43	0
13	Tuyo	2019-01-22 21:11:43	2019-01-22 21:11:43	0
14	Puerto Rivas Ibaba	2019-01-22 21:11:43	2019-01-22 21:11:43	0
15	Puerto Rivas Itaas	2019-01-22 21:11:43	2019-01-22 21:11:43	0
16	Tortugas	2019-01-22 21:11:43	2019-01-22 21:11:43	0
17	Central	2019-01-22 21:11:43	2019-01-22 21:11:43	0
18	Tenejero	2019-01-22 21:11:43	2019-01-22 21:11:43	0
19	Camacho	2019-01-22 21:11:43	2019-01-22 21:11:43	0
20	Bagong Silang	2019-01-22 21:11:43	2019-01-22 21:11:43	0
21	Puerto Rivas Lote	2019-01-22 21:11:43	2019-01-22 21:11:43	0
22	Dangcol	2019-01-22 21:11:43	2019-01-22 21:11:43	0
23	Cabog-Cabog	2019-01-22 21:11:43	2019-01-22 21:11:43	0
24	Tanato	2019-01-22 21:11:43	2019-01-22 21:11:43	0
25	Munting Batangas	2019-01-22 21:11:43	2019-01-22 21:11:43	0
